{
  "model_name": "baseline",
  "accuracy": 0.7619047619047619,
  "classification_report": {
    "letter": {
      "precision": 0.6071428571428571,
      "recall": 0.85,
      "f1-score": 0.7083333333333334,
      "support": 20.0
    },
    "form": {
      "precision": 0.6666666666666666,
      "recall": 0.48,
      "f1-score": 0.5581395348837209,
      "support": 25.0
    },
    "email": {
      "precision": 0.8571428571428571,
      "recall": 0.9473684210526315,
      "f1-score": 0.9,
      "support": 19.0
    },
    "handwritten": {
      "precision": 0.782608695652174,
      "recall": 1.0,
      "f1-score": 0.8780487804878049,
      "support": 18.0
    },
    "advertisement": {
      "precision": 0.9333333333333333,
      "recall": 0.7368421052631579,
      "f1-score": 0.8235294117647058,
      "support": 19.0
    },
    "invoice": {
      "precision": 0.8095238095238095,
      "recall": 0.68,
      "f1-score": 0.7391304347826086,
      "support": 25.0
    },
    "accuracy": 0.7619047619047619,
    "macro avg": {
      "precision": 0.7760697032436162,
      "recall": 0.7823684210526315,
      "f1-score": 0.7678635825420289,
      "support": 126.0
    },
    "weighted avg": {
      "precision": 0.771060501495284,
      "recall": 0.7619047619047619,
      "f1-score": 0.7551615300050382,
      "support": 126.0
    }
  }
}