{
  "model_name": "baseline",
  "accuracy": 0.47619047619047616,
  "classification_report": {
    "letter": {
      "precision": 0.42105263157894735,
      "recall": 0.4,
      "f1-score": 0.41025641025641024,
      "support": 20.0
    },
    "form": {
      "precision": 0.3333333333333333,
      "recall": 0.44,
      "f1-score": 0.3793103448275862,
      "support": 25.0
    },
    "email": {
      "precision": 0.7368421052631579,
      "recall": 0.7368421052631579,
      "f1-score": 0.7368421052631579,
      "support": 19.0
    },
    "handwritten": {
      "precision": 0.38461538461538464,
      "recall": 0.8333333333333334,
      "f1-score": 0.5263157894736842,
      "support": 18.0
    },
    "advertisement": {
      "precision": 0.8,
      "recall": 0.631578947368421,
      "f1-score": 0.7058823529411765,
      "support": 19.0
    },
    "invoice": {
      "precision": 0.0,
      "recall": 0.0,
      "f1-score": 0.0,
      "support": 25.0
    },
    "accuracy": 0.47619047619047616,
    "macro avg": {
      "precision": 0.44597390913180385,
      "recall": 0.5069590643274854,
      "f1-score": 0.4597678337936692,
      "support": 126.0
    },
    "weighted avg": {
      "precision": 0.41966240387293025,
      "recall": 0.47619047619047616,
      "f1-score": 0.43312171223989304,
      "support": 126.0
    }
  }
}